date,open,high,low,close,volume,amount,outstanding_share,turnover
2023-05-19,65.81,71.46,64.81,68.15,44507846.0,3006886057.0,59928041.0,0.7426881516116971
2023-05-22,70.5,73.12,68.92,71.79,22599704.0,1607382909.0,59928041.0,0.3771140124537026
2023-05-23,71.18,71.99,68.2,70.1,14873810.0,1048069559.0,59928041.0,0.2481944971303167
2023-05-24,70.71,73.81,68.98,70.84,12381101.0,885810238.0,59928041.0,0.20659946151084765
2023-05-25,70.1,71.49,66.61,68.77,12057855.0,832263424.0,59928041.0,0.20120555918055122
2023-05-26,68.8,72.74,68.13,70.7,9772875.0,693061790.0,59928041.0,0.16307683076107893
2023-05-29,70.41,73.56,68.86,72.67,9367080.0,672864769.0,59928041.0,0.15630545974296073
2023-05-30,72.0,73.45,70.94,73.21,6976989.0,505021807.0,59928041.0,0.11642277777776851
2023-05-31,72.19,87.73,72.19,84.6,12007285.0,975571066.0,59928041.0,0.20036171380940018
2023-06-01,83.64,86.64,80.46,81.88,10821630.0,893264532.0,59928041.0,0.18057706908857574
2023-06-02,81.57,83.48,80.76,82.01,5704249.0,469559752.0,59928041.0,0.09518497359191168
2023-06-05,84.12,87.42,79.4,79.85,8729886.0,725815874.0,59928041.0,0.14567280782630623
2023-06-06,80.27,82.39,79.47,79.85,5962750.0,482577522.0,59928041.0,0.09949849687227387
2023-06-07,80.06,82.54,79.07,80.34,5100282.0,412821269.0,59928041.0,0.08510676996766839
2023-06-08,80.47,81.46,76.78,76.98,6278309.0,498857433.0,59928041.0,0.1047641286989508
2023-06-09,77.06,82.42,77.06,81.83,6402569.0,514346801.0,59928041.0,0.10683761546618886
2023-06-12,81.01,81.92,80.25,81.16,3102798.0,252012442.0,59928041.0,0.051775395094259796
2023-06-13,80.85,82.35,77.97,82.15,4284868.0,345966998.0,59928041.0,0.07150021806986816
2023-06-14,81.77,84.64,80.87,82.38,3235782.0,268120670.0,59928041.0,0.05399445645152993
2023-06-15,81.87,84.39,79.57,80.59,3702412.0,302968046.0,59928041.0,0.06178096160360056
2023-06-16,79.77,80.76,77.96,78.76,5185732.0,410620393.0,59928041.0,0.08653264671207925
2023-06-19,79.29,81.22,78.29,79.77,4654903.0,372206883.0,59928041.0,0.07767487343696083
2023-06-20,78.77,79.27,74.61,76.87,8100751.0,620106718.0,59928041.0,0.13517463385796308
2023-06-21,75.9,76.18,72.8,73.53,3671580.0,275375412.0,59928041.0,0.061266477908063104
2023-06-26,73.29,78.43,72.79,76.66,4196234.0,321382284.0,59928041.0,0.07002121093863221
2023-06-27,75.89,78.53,75.78,77.53,2812307.0,218276854.0,59928041.0,0.046928064943754795
2023-06-28,77.28,82.75,77.24,80.37,4401117.0,353664279.0,59928041.0,0.07344002784940025
2023-06-29,79.94,81.37,79.13,80.77,2306294.0,185681432.0,59928041.0,0.03848438830162995
2023-06-30,79.88,84.56,79.57,82.77,2736669.0,225884818.0,60595041.0,0.04516325024023005
2023-07-03,83.54,84.44,79.43,79.65,2829651.0,230831207.0,60595041.0,0.04669773224511887
2023-07-04,79.14,85.16,79.14,82.43,2968988.0,245485736.0,60595041.0,0.04899721084436596
2023-07-05,82.04,82.51,74.79,75.68,4408456.0,345428220.0,60595041.0,0.07275275216003237
2023-07-06,75.67,77.76,74.01,74.98,3335919.0,253428346.0,60595041.0,0.055052673369756444
2023-07-07,74.14,77.04,73.8,76.8,2404873.0,182549708.0,60595041.0,0.03968762064209182
2023-07-10,76.8,77.47,74.05,75.38,2004526.0,151545604.0,60595041.0,0.03308069384753779
2023-07-11,75.45,77.08,74.9,76.36,1614059.0,123430463.0,60595041.0,0.026636816699241114
2023-07-12,75.55,76.28,71.2,71.81,3763043.0,275216800.0,60595041.0,0.06210150101226931
2023-07-13,71.64,73.59,70.81,72.29,1973601.0,143271205.0,60595041.0,0.03257033855295188
2023-07-14,72.79,73.78,71.82,73.39,1524336.0,111446257.0,60595041.0,0.02515611797341634
2023-07-17,72.79,72.79,69.36,70.12,3820117.0,268694796.0,60595041.0,0.0630433932704163
2023-07-18,70.0,71.64,69.58,69.88,1489394.0,105323464.0,60595041.0,0.024579470125286326
2023-07-19,69.37,70.29,68.8,69.43,1632805.0,113735411.0,60595041.0,0.026946181949113624
2023-07-20,69.63,72.25,69.09,70.38,2832337.0,201334041.0,60595041.0,0.04674205930482001
2023-07-21,70.39,71.36,67.9,71.14,2802542.0,196428012.0,60595041.0,0.046250352400949775
2023-07-24,70.81,73.63,70.49,71.88,1530622.0,110233482.0,60595041.0,0.02525985583539749
2023-07-25,72.39,74.07,71.49,73.18,1803495.0,131874067.0,60595041.0,0.02976307912721769
2023-07-26,72.92,78.62,72.2,74.48,3884482.0,295823180.0,60595041.0,0.06410560890618096
2023-07-27,73.8,75.12,72.72,73.8,1552471.0,115135200.0,60595041.0,0.02562042989623524
2023-07-28,73.34,73.97,70.33,70.88,1931781.0,138727015.0,60595041.0,0.031880183066465784
2023-07-31,70.78,74.05,69.82,73.18,1781754.0,129612681.0,60595041.0,0.029404287390448338
2023-08-01,73.18,76.07,72.44,74.69,2177870.0,162957587.0,60595041.0,0.035941389989322725
2023-08-02,74.43,77.68,73.84,76.58,2159910.0,165416962.0,60595041.0,0.035644996097948016
2023-08-03,75.86,77.42,74.61,76.08,1319494.0,100918996.0,60595041.0,0.021775610317682596
2023-08-04,76.2,77.44,74.98,77.11,1487479.0,113330773.0,60595041.0,0.024547866879073486
2023-08-07,75.8,77.78,74.67,75.39,1928941.0,146669760.0,60595041.0,0.03183331454466711
2023-08-08,75.52,78.51,74.05,74.07,2272874.0,174187725.0,60595041.0,0.03750924106149214
2023-08-09,73.79,75.57,73.39,74.32,1106791.0,82674431.0,60595041.0,0.018265372573970203
2023-08-10,75.33,79.67,73.59,79.13,3354689.0,261925560.0,60595041.0,0.055362434691644154
2023-08-11,78.82,79.0,74.98,76.44,2809476.0,214633210.0,60595041.0,0.046364784207341324
2023-08-14,75.29,77.74,74.99,76.55,1782399.0,135873274.0,60595041.0,0.02941493182585684
2023-08-15,76.25,77.12,72.29,73.32,2038456.0,151032114.0,60595041.0,0.03364064065902687
2023-08-16,72.84,75.0,72.84,73.39,1205282.0,89487733.0,60595041.0,0.019890769609348064
2023-08-17,72.91,77.33,70.8,77.18,2386035.0,181002706.0,60595041.0,0.03937673711616104
2023-08-18,76.78,79.06,75.78,76.33,1588641.0,123016149.0,60595041.0,0.02621734342914299
2023-08-21,75.53,76.62,73.72,74.24,1727440.0,129915456.0,60595041.0,0.028507943414049344
2023-08-22,75.46,75.63,71.3,74.0,1622906.0,119696837.0,60595041.0,0.026782818745844233
2023-08-23,73.59,73.68,71.06,71.45,1436347.0,103599156.0,60595041.0,0.02370403545068977
2023-08-24,71.61,75.18,71.1,74.19,1465804.0,108203212.0,60595041.0,0.024190164340345936
2023-08-25,72.43,73.29,67.04,68.79,3411131.0,238628895.0,60595041.0,0.056293897053390884
2023-08-28,73.31,74.23,68.83,69.7,2206928.0,157278572.0,60595041.0,0.03642093418172619
2023-08-29,69.33,73.56,68.8,72.71,2129312.0,152989012.0,60595041.0,0.03514003728456921
2023-08-30,74.29,77.27,73.8,75.28,2428182.0,183948990.0,60595041.0,0.04007228908385424
2023-08-31,75.38,81.27,74.34,80.97,5370938.0,424790083.0,60595041.0,0.08863659321560653
2023-09-01,82.36,92.23,79.77,84.49,8181664.0,707495326.0,60595041.0,0.13502200617373952
2023-09-04,84.49,87.25,79.85,83.57,6270603.0,521383385.0,60595041.0,0.10348376528039646
2023-09-05,82.53,84.6,79.38,80.58,5213114.0,428756829.0,60595041.0,0.08603202364365096
2023-09-06,82.24,88.14,81.06,85.65,6001459.0,508701117.0,60595041.0,0.09904208167793797
2023-09-07,84.6,84.76,81.45,81.8,3912809.0,324978389.0,60595041.0,0.06457308940512145
2023-09-08,81.47,83.76,81.07,81.62,2637330.0,217512789.0,60595041.0,0.04352385866031512
2023-09-11,81.19,81.76,79.52,80.47,2308477.0,186156204.0,60595041.0,0.038096797393040796
2023-09-12,79.87,80.51,77.78,79.01,2397236.0,189815347.0,60595041.0,0.03956158722625503
2023-09-13,78.38,79.37,76.64,78.77,2490209.0,194483024.0,60595041.0,0.04109592070413815
2023-09-14,78.87,78.98,75.95,77.32,1576379.0,121935627.0,60595041.0,0.026014983635377027
2023-09-15,77.56,79.22,75.78,77.6,1839831.0,143488130.0,60595041.0,0.03036273215823057
2023-09-18,76.63,77.44,74.45,74.67,1907229.0,144610448.0,60595041.0,0.03147500139491613
2023-09-19,74.98,74.98,71.8,73.1,1835654.0,134513343.0,60595041.0,0.03029379912458513
2023-09-20,72.83,73.74,70.79,71.15,1529347.0,110297427.0,60595041.0,0.025238814509589983
2023-09-21,70.65,73.34,70.31,72.49,1802148.0,130607655.0,60595041.0,0.029740849585364583
2023-09-22,71.53,74.07,71.45,73.69,1844871.0,135423516.0,60595041.0,0.030445907281422584
2023-09-25,74.16,76.03,73.69,74.8,2135469.0,160616136.0,60595041.0,0.035241646259468656
2023-09-26,74.93,76.77,73.35,75.83,1315787.0,99530270.0,60595041.0,0.02171443369433482
2023-09-27,75.56,77.78,75.04,77.21,1686130.0,130035505.0,60595041.0,0.02782620445788625
2023-09-28,77.21,81.05,76.27,79.57,2309807.0,182950802.0,60595041.0,0.03811874638388313
2023-10-09,78.77,80.02,77.78,78.34,1530212.0,121018823.0,60595041.0,0.02525308960513782
2023-10-10,78.34,80.17,78.17,79.17,1272949.0,101086645.0,60595041.0,0.02100747815320399
2023-10-11,79.22,81.62,78.16,81.47,1641195.0,132256712.0,60595041.0,0.02708464212442731
2023-10-12,80.77,84.08,77.85,82.64,2509148.0,203507231.0,60595041.0,0.041408471033132895
2023-10-13,81.51,82.55,80.66,81.14,1691424.0,138174151.0,60595041.0,0.027913571343239126
2023-10-16,81.14,81.57,77.58,79.89,2097692.0,167151570.0,60595041.0,0.03461821240454314
2023-10-17,80.71,81.93,79.43,80.83,1421290.0,114887326.0,60595041.0,0.023455549770153634
2023-10-18,80.19,81.77,78.65,79.37,1379379.0,110787812.0,60595041.0,0.022763892510609902
2023-10-19,78.38,80.47,77.88,78.9,1242065.0,98725847.0,60595041.0,0.02049779948164405
2023-10-20,77.71,79.37,76.45,76.59,1289378.0,99940774.0,60595041.0,0.02127860595060906
2023-10-23,76.5,77.36,74.29,74.81,1055155.0,79746750.0,60595041.0,0.017413223633267284
2023-10-24,75.07,78.77,73.79,78.47,1719663.0,132615419.0,60595041.0,0.028379599578123894
2023-10-25,78.77,78.77,75.74,76.32,1435514.0,110482977.0,60595041.0,0.023690288451162198
2023-10-26,75.76,78.37,74.84,78.25,1291298.0,100257347.0,60595041.0,0.021310291711825066
2023-10-27,77.82,81.24,77.64,80.17,1778154.0,142632101.0,60595041.0,0.02934487658816833
2023-10-30,79.85,83.11,79.37,81.47,1650926.0,135180554.0,60595041.0,0.0272452328235903
2023-10-31,82.14,83.6,79.87,82.39,1604034.0,131330484.0,60595041.0,0.026471374117891924
2023-11-01,82.14,83.21,79.37,80.15,1454298.0,117577011.0,60595041.0,0.024000280815058776
2023-11-02,80.67,80.67,74.41,74.61,2195839.0,169490288.0,60595041.0,0.03623793240770313
2023-11-03,74.41,78.08,74.27,77.58,1800442.0,138089993.0,60595041.0,0.029712695466284113
2023-11-06,77.58,78.85,76.25,77.93,1481696.0,115263715.0,60595041.0,0.024452430026410905
2023-11-07,78.08,78.28,75.83,77.88,1446750.0,112087721.0,60595041.0,0.02387571616627836
2023-11-08,77.54,86.1,76.81,83.68,3786845.0,311857377.0,60595041.0,0.06249430543334396
2023-11-09,84.14,86.75,83.36,84.26,2700950.0,229079273.0,60595041.0,0.044573779560607936
2023-11-10,84.56,89.12,83.44,85.56,2724482.0,236747495.0,60595041.0,0.044962128171511594
2023-11-13,84.96,85.45,81.64,83.14,2218728.0,184661355.0,60595041.0,0.036615669589199554
2023-11-14,82.48,84.06,81.96,83.56,1426851.0,119057713.0,60595041.0,0.023547322956675613
2023-11-15,83.95,84.61,81.77,82.42,1288949.0,106938762.0,60595041.0,0.02127152616333736
2023-11-16,80.99,82.26,80.15,81.07,1344589.0,109255063.0,60595041.0,0.022189753118576155
2023-11-17,80.77,81.6,79.1,79.82,1641284.0,131864147.0,60595041.0,0.02708611089148368
2023-11-20,78.88,79.88,78.13,78.41,4762995.0,376583284.0,65120393.0,0.07314137370147628
2023-11-21,79.25,80.11,77.18,77.33,3014611.0,236892239.0,65120393.0,0.0462928870837742
2023-11-22,76.96,78.16,76.0,76.0,1462603.0,113075315.0,65120393.0,0.022459984232589013
2023-11-23,76.13,78.47,76.08,77.88,1875548.0,146091979.0,65120393.0,0.028801238960581826
2023-11-24,78.17,78.28,75.66,75.7,1560657.0,120376199.0,65120393.0,0.02396571838870813
2023-11-27,75.32,79.26,75.32,78.57,2192734.0,171783441.0,65120393.0,0.03367200194875974
2023-11-28,78.47,79.13,77.85,78.94,1484758.0,116836453.0,65120393.0,0.022800200238349298
2023-11-29,78.94,80.09,77.88,78.19,1424646.0,112571288.0,65120393.0,0.021877109986114487
2023-11-30,78.07,79.02,77.46,78.6,1237311.0,97163511.0,65120393.0,0.019000361376811714
2023-12-01,78.06,78.2,75.38,77.05,1380226.0,106130661.0,65120393.0,0.021194988795598946
2023-12-04,76.68,77.94,75.98,76.13,891440.0,68696403.0,65120393.0,0.013689106575262837
2023-12-05,75.38,76.26,73.67,74.24,1384055.0,103537925.0,65120393.0,0.021253787580796695
2023-12-06,74.32,75.28,73.64,74.49,934011.0,69639140.0,65120393.0,0.014342834202490148
2023-12-07,73.8,75.35,73.09,73.89,984931.0,73133387.0,65120393.0,0.015124770515435926
2023-12-08,73.89,77.28,73.72,76.66,1769194.0,134986863.0,65120393.0,0.027168048571205642
2023-12-11,76.58,78.37,75.58,77.77,1430902.0,110320853.0,65120393.0,0.021973178202410418
2023-12-12,77.48,79.07,77.14,78.48,1638707.0,128965498.0,65120393.0,0.025164267666505022
2023-12-13,78.09,79.27,77.87,78.37,900395.0,71017030.0,65120393.0,0.013826621101626337
2023-12-14,78.51,78.51,74.6,75.37,1240236.0,94432300.0,65120393.0,0.01904527818190532
2023-12-15,75.68,76.36,73.79,75.56,700567.0,52912145.0,65120393.0,0.010758027827012653
2023-12-18,75.93,75.93,73.4,73.78,866397.0,64306827.0,65120393.0,0.013304541942798164
2023-12-19,73.78,76.65,73.41,76.58,1308364.0,98941360.0,65120393.0,0.020091463514355635
2023-12-20,76.6,77.65,75.44,75.54,585908.0,44900217.0,65120393.0,0.008997304423515994
2023-12-21,75.47,76.73,73.62,75.09,833006.0,62746583.0,65120393.0,0.012791783980787707
2023-12-22,74.79,75.08,73.59,74.2,779504.0,57916298.0,65120393.0,0.011970198029978105
2023-12-25,73.99,74.47,71.49,72.19,879709.0,63921699.0,65120393.0,0.013508963313535285
2023-12-26,71.35,72.79,70.12,72.28,1041979.0,74477533.0,65120393.0,0.01600080945457439
2023-12-27,71.85,74.79,71.35,74.02,986444.0,72876970.0,65120393.0,0.015148004404703147
2023-12-28,73.51,74.94,73.09,74.12,856341.0,63689646.0,65120393.0,0.013150120270312251
2023-12-29,74.01,75.06,73.42,74.22,950099.0,70880159.0,65120393.0,0.01458988430859132
2024-01-02,74.23,74.23,71.02,71.64,1327507.0,95619170.0,64817093.00000001,0.020480816688276962
2024-01-03,71.01,71.52,68.58,69.56,1190231.0,83253378.0,64817093.00000001,0.01836291855915229
2024-01-04,69.64,69.64,67.14,67.47,1663625.0,113449031.0,64817093.00000001,0.025666454988964096
2024-01-05,68.39,68.57,65.46,66.25,1609655.0,108152764.0,64817093.00000001,0.02483380425592366
2024-01-08,66.08,66.08,62.32,63.5,2468182.0,157487653.0,64817093.00000001,0.03807918383504178
2024-01-09,63.6,64.51,61.32,61.52,1358257.0,85079807.0,64817093.00000001,0.020955228584534018
2024-01-10,61.32,62.59,59.71,60.03,1863446.0,113695918.0,64817093.00000001,0.02874929920106105
2024-01-11,59.72,61.04,59.21,60.59,1687517.0,101629389.0,64817093.00000001,0.02603506146133397
2024-01-12,64.5,66.37,62.98,63.69,4925115.0,318389583.0,64817093.00000001,0.07598481777021378
2024-01-15,62.97,68.4,62.93,65.99,4869193.0,324237430.0,64817093.00000001,0.07512205152427924
2024-01-16,66.65,67.21,64.91,66.26,3167785.0,209347965.0,64817093.00000001,0.048872679310070256
2024-01-17,65.79,68.09,65.1,65.26,2533733.0,169143797.0,64817093.00000001,0.039090506573628656
2024-01-18,65.01,66.53,63.37,65.67,2367873.0,153762537.0,64817093.00000001,0.0365316136593784
2024-01-19,65.68,66.61,64.02,64.35,1549387.0,101098298.0,64817093.00000001,0.023903987795318125
2024-01-22,63.85,64.51,59.82,60.18,2190573.0,136419761.0,64817093.00000001,0.03379622409169136
2024-01-23,60.75,61.4,59.41,61.11,1978207.0,120167160.0,64817093.00000001,0.03051983525395068
2024-01-24,61.02,61.2,57.55,60.21,2022404.0,120353863.0,64817093.00000001,0.031201707858141674
2024-01-25,60.13,63.68,59.05,63.28,1986734.0,124191619.0,64817093.00000001,0.03065139005848349
2024-01-26,62.62,62.8,60.35,60.83,1601761.0,98687193.0,64817093.00000001,0.02471201539384063
2024-01-29,61.62,63.51,59.27,59.53,1570841.0,96494807.0,64817093.00000001,0.02423498073262866
2024-01-30,59.53,60.59,56.91,57.14,2148522.0,125829516.0,64817093.00000001,0.03314746003804891
2024-01-31,57.73,57.73,54.66,54.84,1719979.0,96643016.0,64817093.00000001,0.026535886143489954
2024-02-01,54.14,56.83,52.85,55.13,2387382.0,131545341.0,64817093.00000001,0.03683259907999885
2024-02-02,54.84,55.58,49.69,51.5,2410190.0,126788860.0,64817093.00000001,0.03718448156877384
2024-02-05,50.41,51.79,45.99,47.86,2461342.0,119995732.0,64817093.00000001,0.03797365611567923
2024-02-06,46.97,54.13,46.88,53.74,2647183.0,135172068.0,64817093.00000001,0.04084081648030713
2024-02-07,53.13,55.7,51.95,53.24,2513179.0,136375893.0,64817093.00000001,0.03877339886255003
2024-02-08,53.35,55.82,52.35,55.39,3103014.0,170729415.0,64817093.00000001,0.04787339043421771
2024-02-19,56.84,57.0,54.6,56.44,2854696.0,159327484.0,64817093.00000001,0.04404233309259951
2024-02-20,55.84,55.84,54.43,55.3,2121985.0,116782079.0,64817093.00000001,0.032738046428586354
2024-02-21,55.11,57.24,54.59,55.71,3393208.0,189880712.0,64817093.00000001,0.05235051192437772
2024-02-22,55.69,57.2,55.34,56.67,3049890.0,172393775.0,64817093.00000001,0.047053791813835275
2024-02-23,56.84,58.33,56.14,58.09,2744430.0,157121137.0,64817093.00000001,0.04234114603072371
2024-02-26,59.83,62.7,59.29,61.62,3675151.0,225459621.0,64817093.00000001,0.05670033674604937
2024-02-27,60.83,63.32,59.56,62.67,3663671.0,225993581.0,64817093.00000001,0.05652322297144674
2024-02-28,62.68,62.94,58.56,58.56,3627659.0,221098556.0,64817093.00000001,0.05596762878582043
2024-02-29,58.8,63.34,58.8,63.32,4603003.0,287058702.0,64817093.00000001,0.07101526444575353
2024-03-01,63.25,64.32,62.12,63.13,3115792.0,196823994.0,64817093.00000001,0.04807052979065259
2024-03-04,63.23,64.69,62.2,64.5,3172430.0,202676868.0,64817093.00000001,0.04894434250545608
2024-03-05,63.78,64.03,61.4,61.49,2616475.0,163404616.0,64817093.00000001,0.04036705256127423
2024-03-06,60.71,62.03,59.68,61.23,1992977.0,121719427.0,64817093.00000001,0.030747707244445532
2024-03-07,61.45,62.77,59.81,60.63,2223815.0,136635236.0,64817093.00000001,0.034309082636581674
2024-03-08,60.64,62.65,59.42,61.94,4447546.0,274987163.0,64817093.00000001,0.06861686931871504
2024-03-11,61.32,63.12,59.83,62.6,2289819.0,141328567.0,64817093.00000001,0.03532739427237194
2024-03-12,62.81,63.43,61.86,62.7,2071054.0,130021006.0,64817093.00000001,0.03195228147612235
2024-03-13,62.7,63.82,61.95,62.19,2185000.0,137815369.0,64817093.00000001,0.033710243685257525
2024-03-14,62.27,62.27,60.4,60.87,1482746.0,90941816.0,64817093.00000001,0.02287584850496149
2024-03-15,60.47,62.07,60.43,61.45,1750222.0,107416536.0,64817093.00000001,0.027002476028969703
2024-03-18,62.53,63.77,61.93,63.6,2821644.0,178592632.0,64817093.00000001,0.04353240587324704
2024-03-19,62.83,63.4,62.32,62.65,1760371.0,110958993.0,64817093.00000001,0.02715905509677825
2024-03-20,62.74,63.08,61.69,62.95,1599134.0,100261396.0,64817093.00000001,0.02467148596127259
2024-03-21,63.78,68.13,63.59,65.57,3774207.0,248131801.0,64817093.00000001,0.05822857560119211
2024-03-22,64.92,68.38,64.92,66.68,3484778.0,234278410.0,64817093.00000001,0.05376325655332922
2024-03-25,65.98,67.38,63.33,63.42,3260397.0,212138319.0,64817093.00000001,0.050301499945392486
2024-03-26,63.12,66.32,61.99,62.25,3559811.0,228274047.0,64817093.00000001,0.05492086786428388
2024-03-27,62.25,62.27,58.33,58.33,2117237.0,127030940.0,64817093.00000001,0.03266479414619844
2024-03-28,58.82,60.33,58.15,58.6,1737990.0,103113691.0,64817093.00000001,0.026813760376448847
2024-03-29,58.43,59.68,57.19,59.43,1725762.0,100854600.0,64817093.00000001,0.026625106436044575
2024-04-01,60.2,61.15,59.23,59.43,2041861.0,123126207.0,64817093.00000001,0.03150189102124651
2024-04-02,59.62,59.72,56.17,56.46,2318987.0,132958787.0,64817093.00000001,0.03577739902651913
2024-04-03,55.84,57.03,54.35,54.77,2009140.0,111559585.0,64817093.00000001,0.030997070479541557
2024-04-08,54.35,56.5,54.35,54.86,1499631.0,83583133.0,64817093.00000001,0.02313635077710134
2024-04-09,54.37,56.12,54.15,55.7,1260828.0,69816773.0,64817093.00000001,0.01945209113281276
2024-04-10,55.34,55.46,52.9,53.22,1196183.0,64732164.0,64817093.00000001,0.01845474618863268
2024-04-11,53.31,54.2,52.89,52.95,1091144.0,58604971.0,64817093.00000001,0.016834201435106014
2024-04-12,52.92,54.13,52.92,52.95,839219.0,44955331.0,64817093.00000001,0.012947495192356126
2024-04-15,53.18,54.8,51.11,51.94,2227165.0,118702957.0,64817093.00000001,0.03436076653422269
2024-04-16,51.56,51.84,48.16,48.43,2741611.0,136567704.0,64817093.00000001,0.04229765441655953
2024-04-17,49.36,51.05,49.3,50.74,1886890.0,95601751.0,64817093.00000001,0.02911099391637326
2024-04-18,50.27,51.57,49.36,50.76,1535269.0,78076522.0,64817093.00000001,0.023686174879826837
2024-04-19,50.85,50.85,48.63,48.84,1355891.0,66970527.0,64817093.00000001,0.02091872586757323
2024-04-22,47.86,49.66,47.41,47.81,2629099.0,126778220.0,64817093.00000001,0.04056181600122054
2024-04-23,47.86,50.21,47.81,49.14,2560285.0,125683803.0,64817093.00000001,0.039500151603528405
2024-04-24,49.34,52.23,49.02,51.55,2733845.0,138494062.0,64817093.00000001,0.04217784034220726
2024-04-25,50.29,50.72,47.86,49.3,2927385.0,144912071.0,64817093.00000001,0.0451637811032346
2024-04-26,50.52,55.06,50.06,53.78,5162518.0,276380245.0,64817093.00000001,0.07964747817369716
2024-04-29,53.75,54.89,53.26,54.62,2503308.0,136204053.0,64817093.00000001,0.03862110878684423
2024-04-30,54.14,54.34,52.35,52.88,2046986.0,109063475.0,64817093.00000001,0.03158095967062268
2024-05-06,54.13,55.12,53.55,54.72,2431825.0,132483178.0,64817093.00000001,0.0375182669793599
2024-05-07,54.68,54.68,52.78,53.44,2335678.0,125495056.0,64817093.00000001,0.03603490826100454
2024-05-08,53.57,53.57,51.9,52.23,1699792.0,89252878.0,64817093.00000001,0.02622444051910813
2024-05-09,52.74,53.84,52.35,53.68,2168619.0,115957321.0,64817093.00000001,0.03345751713980755
2024-05-10,54.33,54.71,50.88,51.04,2975874.0,157491393.0,64817093.00000001,0.04591187080852268
2024-05-13,50.7,53.35,49.27,52.02,2934419.0,152918109.0,64817093.00000001,0.04527230186025158
2024-05-14,52.0,52.6,49.99,50.53,1645797.0,83756706.0,64817093.00000001,0.02539140408533903
2024-05-15,49.94,51.15,49.56,49.56,1065418.0,53495501.0,64817093.00000001,0.01643729995728133
2024-05-16,50.26,50.29,49.56,49.85,960630.0,48089592.0,64817093.00000001,0.014820627639070452
2024-05-17,49.66,50.14,48.37,49.66,2167986.0,106773690.0,64817093.00000001,0.03344775119735777
2024-05-20,49.42,50.14,48.63,49.3,4276446.0,211231101.0,244518075.0,0.01748928376767239
2024-05-21,48.82,52.68,48.74,51.33,6898774.0,354187354.0,244518075.0,0.0282137588397095
2024-05-22,51.33,51.44,50.5,51.12,2969547.0,151662445.0,244518075.0,0.012144488704976104
2024-05-23,51.12,52.43,50.65,50.8,3565881.0,184435254.0,244518075.0,0.014583302277346982
2024-05-24,51.06,52.59,50.11,50.15,4339705.0,224500287.0,244518075.0,0.01774799265862043
2024-05-27,49.87,52.74,48.26,52.49,4397763.0,223288773.0,244518075.0,0.0179854311383729
2024-05-28,52.25,54.24,51.51,51.61,5251941.0,279856631.0,244518075.0,0.021478743442585994
2024-05-29,51.07,53.12,50.78,51.66,4235888.0,221641656.0,244518075.0,0.01732341463918363
2024-05-30,50.88,54.01,50.88,53.13,5443727.0,289402946.0,244518075.0,0.02226308627695519
2024-05-31,53.13,53.97,52.51,52.95,4138512.0,220842220.0,244518075.0,0.01692517823068908
2024-06-03,52.37,54.94,52.37,53.79,5361051.0,290037386.0,244518075.0,0.021924968123522157
2024-06-04,53.55,53.72,51.73,52.91,3619377.0,191235686.0,244518075.0,0.014802083649644306
2024-06-05,52.92,53.82,51.95,52.04,3667534.0,194553191.0,244518075.0,0.014999030235290377
2024-06-06,52.85,54.91,51.85,53.69,7100659.0,380399416.0,244518075.0,0.029039403324273676
2024-06-07,54.34,57.34,52.83,56.44,8147996.0,452661696.0,244518075.0,0.03332267358967226
2024-06-11,55.99,60.4,55.99,59.42,10776723.0,634549937.0,244518075.0,0.04407331850620859
2024-06-12,59.83,59.84,58.33,59.36,7310394.0,433770927.0,244518075.0,0.029897151774976146
2024-06-13,60.08,61.32,58.7,58.76,6516665.0,391380937.0,244518075.0,0.02665105636873675
2024-06-14,58.43,59.01,57.35,58.27,5140336.0,300469672.0,244518075.0,0.021022315016998232
2024-06-17,58.12,60.28,56.91,59.28,6003058.0,351229703.0,244518075.0,0.024550569523336875
2024-06-18,58.91,59.1,57.24,57.53,4968594.0,290109594.0,244518075.0,0.020319945672727876
2024-06-19,57.53,58.18,55.34,56.56,6235390.0,353090581.0,244518075.0,0.025500732410068255
2024-06-20,56.42,59.43,56.14,56.83,6432618.0,372743401.0,244518075.0,0.026307331267841856
2024-06-21,56.2,56.96,55.35,56.19,3748912.0,211249872.0,244518075.0,0.015331839987698251
2024-06-24,55.72,56.77,52.48,52.8,5769205.0,315476986.0,244518075.0,0.023594186237561373
2024-06-25,52.8,52.8,48.64,48.76,7644499.0,381356486.0,244518075.0,0.031263533380916725
2024-06-26,49.26,50.41,48.63,50.14,4148756.0,205750395.0,244518075.0,0.016967072884080246
2024-06-27,49.87,49.87,48.11,48.63,4504902.0,220531636.0,244518075.0,0.01842359506551816
2024-06-28,48.47,49.08,46.88,47.16,5036055.0,243365649.0,244518075.0,0.020595839387333635
2024-07-01,47.29,48.32,46.47,47.79,3850949.0,183254553.0,244156875.0,0.01577243729057394
2024-07-02,47.86,49.84,47.74,49.14,5105951.0,251377350.0,244156875.0,0.020912583354451928
2024-07-03,49.44,51.45,48.38,50.34,4877235.0,244491648.0,244156875.0,0.019975824969090058
2024-07-04,50.36,50.84,48.3,48.74,4319926.0,213870817.0,244156875.0,0.017693239233996585
2024-07-05,48.83,50.53,47.86,50.32,3886173.0,192932737.0,244156875.0,0.015916705192102414
2024-07-08,50.16,51.56,49.27,49.57,3818499.0,194104123.0,244156875.0,0.015639530936820845
2024-07-09,49.84,51.35,48.94,50.76,4353383.0,220602385.0,244156875.0,0.017830269985229782
2024-07-10,50.56,50.85,49.42,50.28,3116435.0,156845512.0,244156875.0,0.012764068183621698
2024-07-11,50.92,51.15,49.58,50.96,3988207.0,202413150.0,244156875.0,0.016334608640448892
2024-07-12,50.68,53.19,50.27,52.26,4754527.0,247053561.0,244156875.0,0.019473246452716107
2024-07-15,53.24,53.24,50.92,51.07,3488999.0,182599767.0,244156875.0,0.014289988762347978
2024-07-16,50.85,52.0,48.66,51.6,5397462.0,270866265.0,244156875.0,0.022106532941167437
2024-07-17,51.24,52.96,50.54,51.35,4711265.0,244259654.0,244156875.0,0.019296057094439795
2024-07-18,50.87,54.02,50.25,53.24,6589609.0,346156760.0,244156875.0,0.026989242060048484
2024-07-19,52.8,55.33,52.51,54.45,6017533.0,325921982.0,244156875.0,0.02464617471861073
2024-07-22,54.48,55.64,53.68,53.94,4336187.0,237059965.0,244156875.0,0.017759839857059114
2024-07-23,54.04,54.04,50.65,50.7,4932391.0,256665137.0,244156875.0,0.020201728908923824
2024-07-24,50.18,50.7,48.33,48.36,3830777.0,189441484.0,244156875.0,0.015689818277695437
2024-07-25,48.27,50.01,47.36,48.81,2824608.0,138595566.0,244156875.0,0.01156882434705146
2024-07-26,49.18,49.76,47.66,49.22,3144908.0,153516779.0,244156875.0,0.012880685829551186
2024-07-29,49.25,50.09,48.83,48.88,2076337.0,102204934.0,244156875.0,0.008504110318417206
2024-07-30,48.8,50.49,47.52,49.39,2844659.0,139800391.0,244156875.0,0.011650947776915969
2024-07-31,49.18,53.49,48.86,53.08,5147351.0,265433459.0,244156875.0,0.021082146468331068
2024-08-01,53.5,57.16,53.1,55.81,9713163.0,540146768.0,244156875.0,0.039782467726948094
2024-08-02,55.02,55.88,54.11,54.5,5501877.0,302003328.0,244156875.0,0.02253418831642566
2024-08-05,53.66,54.6,51.88,51.93,4407209.0,233407312.0,244156875.0,0.018050726607636996
2024-08-06,52.65,56.2,52.05,55.61,5746246.0,310806795.0,244156875.0,0.02353505712259792
2024-08-07,55.2,56.0,54.51,54.57,3060597.0,168498058.0,244156875.0,0.012535370957709055
2024-08-08,54.11,56.2,53.21,55.59,4626402.0,255541748.0,244156875.0,0.018948481381079275
2024-08-09,56.35,58.0,55.71,56.0,5833310.0,332319669.0,244156875.0,0.023891647531940275
2024-08-12,55.5,57.94,54.96,56.52,4410560.0,250532413.0,244156875.0,0.018064451390115473
2024-08-13,56.1,56.79,54.61,55.79,3105792.0,172471846.0,244156875.0,0.012720477357027117
2024-08-14,55.5,55.89,54.04,54.04,2520564.0,138171858.0,244156875.0,0.010323543008977322
2024-08-15,54.0,55.25,53.26,53.83,2085453.0,112857385.0,244156875.0,0.008541446969289724
2024-08-16,53.83,54.63,53.37,53.72,1797618.0,97078339.0,244156875.0,0.00736255327645392
2024-08-19,53.78,54.45,52.27,52.31,2188255.0,116744316.0,244156875.0,0.008962495936270482
2024-08-20,52.33,52.7,50.85,51.72,2882957.0,149168643.0,244156875.0,0.011807805944436338
2024-08-21,51.31,52.48,50.09,50.48,3145165.0,160226864.0,244156875.0,0.01288173843149
2024-08-22,50.65,51.48,49.9,51.16,3441872.0,174737545.0,244156875.0,0.014096969417715557
2024-08-23,50.96,51.16,48.9,50.24,3764432.0,187303967.0,244156875.0,0.015418087244113032
2024-08-26,50.03,52.02,49.96,51.03,2250035.0,115034410.0,244156875.0,0.009215529974324909
2024-08-27,50.84,52.45,50.3,52.02,2517621.0,130465363.0,244156875.0,0.010311489283273306
2024-08-28,51.8,52.95,51.5,52.45,1665619.0,86991342.0,244156875.0,0.006821921356914484
2024-08-29,52.16,53.7,51.37,52.35,2317623.0,121984778.0,244156875.0,0.009492351997051077
2024-08-30,52.03,54.79,52.03,54.3,3555454.0,191777723.0,244156875.0,0.014562170325943105
2024-09-02,53.51,53.59,50.0,50.55,4939689.0,253167862.0,244156875.0,0.020231619527404255
2024-09-03,50.55,51.88,49.93,50.6,2297527.0,117243924.0,244156875.0,0.009410044259454091
2024-09-04,50.03,50.57,49.13,49.53,2166349.0,107768584.0,244156875.0,0.00887277493210052
2024-09-05,49.53,49.8,48.0,48.91,2519722.0,123077567.0,244156875.0,0.010320094406516302
2024-09-06,48.87,49.05,47.13,47.49,2198582.0,105369678.0,244156875.0,0.009004792513010333
2024-09-09,47.1,48.35,46.83,47.8,1393937.0,66734590.0,244156875.0,0.005709185948583263
2024-09-10,47.87,50.0,47.51,49.3,1913842.0,93605644.0,244156875.0,0.00783857509644158
2024-09-11,49.0,51.34,49.0,50.73,2796887.0,141628079.0,244156875.0,0.011455286688118039
2024-09-12,50.74,51.39,49.75,50.01,1503135.0,75817293.0,244156875.0,0.006156431187940131
2024-09-13,50.0,51.2,49.0,49.73,1698779.0,85964209.0,244156875.0,0.006957735677113331
2024-09-18,50.0,50.87,48.68,49.97,1083956.0,53802869.0,244156875.0,0.004439588277004283
2024-09-19,50.36,50.5,48.3,48.9,2429119.0,119020285.0,244156875.0,0.009949009217946454
2024-09-20,48.88,49.62,48.41,49.22,1264970.0,62040339.0,244156875.0,0.00518097227448541
2024-09-23,48.62,49.07,46.77,47.48,3974054.0,189156653.0,244156875.0,0.01627664181072108
2024-09-24,47.54,49.36,46.86,49.08,2611545.0,125837936.0,244156875.0,0.010696176382499981
2024-09-25,49.27,50.85,48.81,48.84,3145100.0,156444816.0,244156875.0,0.012881472209209755
2024-09-26,48.71,50.55,48.31,50.51,2949508.0,145505743.0,244156875.0,0.01208038069786075
2024-09-27,51.4,54.2,51.4,53.8,2489197.0,131672921.0,244156875.0,0.01019507232798585
2024-09-30,55.99,62.6,55.99,62.36,8786366.0,525473695.0,244156875.0,0.035986559870575016
2024-10-08,74.82,74.83,66.92,74.82,16394187.0,1193217531.0,244156875.0,0.06714612070620579
2024-10-09,70.0,79.66,67.38,72.32,17053342.0,1256694877.0,244156875.0,0.06984583989289674
2024-10-10,72.5,73.95,68.0,68.8,9048575.0,638927178.0,244156875.0,0.037060496453356066
2024-10-11,67.0,68.98,62.01,63.74,7432681.0,480960142.0,244156875.0,0.030442235140829027
2024-10-14,63.34,65.2,61.54,64.49,5302893.0,336601479.0,244156875.0,0.021719204097775252
2024-10-15,64.0,69.38,63.26,65.5,7918307.0,529703422.0,244156875.0,0.032431226849540896
2024-10-16,63.0,67.5,63.0,64.96,5271595.0,346992727.0,244156875.0,0.021591016021973577
2024-10-17,65.55,67.67,65.01,66.79,4739102.0,314030589.0,244156875.0,0.01941006985775027
2024-10-18,66.5,75.1,65.71,72.81,10080367.0,716726346.0,244156875.0,0.04128643520687263
2024-10-21,74.0,75.88,69.43,69.83,11945676.0,863971742.0,244156875.0,0.048926232365973724
2024-10-22,70.98,70.98,67.62,69.14,6277329.0,433569414.0,244156875.0,0.025710228311203606
2024-10-23,68.88,69.1,66.71,67.02,5961038.0,405500931.0,244156875.0,0.024414786599803916
2024-10-24,66.36,69.47,66.13,67.89,4897802.0,333222217.0,244156875.0,0.020060061794286974
2024-10-25,67.5,70.26,67.39,68.71,3333385.0,229326846.0,244156875.0,0.01365263624053183
2024-10-28,68.7,69.78,66.93,67.22,3641444.0,247239219.0,244156875.0,0.014914361924070333
2024-10-29,67.01,69.05,66.39,68.11,5851368.0,398612201.0,244156875.0,0.02396560817711973
2024-10-30,68.0,69.49,66.79,68.6,4097578.0,279673555.0,244156875.0,0.01678256244064395
2024-10-31,67.5,71.49,66.85,70.55,6138496.0,425446537.0,244156875.0,0.02514160619069195
2024-11-01,72.0,72.0,66.52,67.72,4030483.0,277033328.0,244156875.0,0.01650775961152026
2024-11-04,67.01,72.58,67.01,70.27,5551367.0,391669905.0,244156875.0,0.022736885864876835
2024-11-05,70.68,72.8,69.7,72.0,4858359.0,347774476.0,244156875.0,0.019898514018906903
2024-11-06,71.6,84.5,71.23,79.87,10404197.0,801917636.0,244156875.0,0.042612754607053355
2024-11-07,79.0,90.88,78.5,86.24,11934162.0,1020900236.0,244156875.0,0.048879074160823856
2024-11-08,87.44,98.99,86.5,96.25,12169151.0,1146584342.0,244156875.0,0.04984152504409307
2024-11-11,100.66,115.5,100.32,115.5,13877098.0,1512960819.0,244156875.0,0.05683681034990311
2024-11-12,110.0,115.88,106.0,114.9,11051856.0,1232854889.0,244156875.0,0.045265389311687415
2024-11-13,113.77,114.84,105.89,109.44,7650241.0,837941232.0,244156875.0,0.031333301591446074
2024-11-14,106.98,113.45,100.42,101.7,10043027.0,1065847015.0,244156875.0,0.041133500746190335
2024-11-15,100.18,102.46,93.17,93.91,10773583.0,1042524561.0,244156875.0,0.04412565896413935
2024-11-18,93.13,99.5,91.89,97.88,9008657.0,870683113.0,244156875.0,0.036897003207466514
2024-11-19,97.0,100.44,96.01,99.49,7211718.0,711825789.0,244156875.0,0.029537230929909307
2024-11-20,99.0,101.3,97.4,99.8,5144665.0,512590600.0,244156875.0,0.021071145344565865
2024-11-21,98.8,105.5,98.8,101.8,5110947.0,525826169.0,244156875.0,0.0209330456084843
2024-11-22,101.11,105.5,96.96,97.01,5752836.0,581004782.0,244156875.0,0.023562047966087376
2024-11-25,97.73,101.98,95.01,97.28,4881725.0,478648320.0,244156875.0,0.019994214785063906
2024-11-26,97.89,100.65,95.71,99.08,3508828.0,347416077.0,244156875.0,0.014371202940732264
2024-11-27,92.0,99.22,87.3,96.09,13333821.0,1231086679.0,244156875.0,0.05461169586152346
2024-11-28,96.39,101.77,94.4,100.35,6515489.0,646782068.0,244156875.0,0.026685666746021384
2024-11-29,99.18,104.47,96.7,101.23,6647090.0,667747642.0,244156875.0,0.027224668566060244
2024-12-02,102.11,104.6,101.21,102.03,5925907.0,610419056.0,244156875.0,0.024270899600922564
2024-12-03,105.0,106.5,96.5,100.07,6910140.0,689393894.0,244156875.0,0.028302049655574923
2024-12-04,101.38,102.88,96.02,96.28,4440714.0,436242901.0,244156875.0,0.018187953953784836
2024-12-05,95.96,98.78,95.2,96.12,3299140.0,319894361.0,244156875.0,0.013512378056116586
2024-12-06,96.8,100.66,96.39,98.76,2967235.0,292914836.0,244156875.0,0.012152985657274651
2024-12-09,96.51,97.76,93.87,93.87,5385094.0,514869539.0,244156875.0,0.02205587698482789
2024-12-10,97.1,98.99,94.0,96.63,4852413.0,469108590.0,244156875.0,0.019874160823855565
2024-12-11,97.1,97.58,94.59,96.48,4568986.0,439110486.0,244156875.0,0.01871332109734776
2024-12-12,96.77,99.4,94.82,98.1,5797372.0,568338504.0,244156875.0,0.02374445528105649
2024-12-13,97.6,102.36,95.53,97.97,13260094.0,1315308424.0,244156875.0,0.05430973016835999
2024-12-16,97.07,97.6,88.51,91.3,8083828.0,740206183.0,244156875.0,0.03310915574259377
2024-12-17,89.48,91.9,88.92,90.65,3103129.0,280388935.0,244156875.0,0.012709570434991846
2024-12-18,90.69,91.76,89.61,89.85,3387493.0,306826758.0,244156875.0,0.013874247858062568
2024-12-19,89.3,92.0,88.04,89.9,2873575.0,258700963.0,244156875.0,0.01176937983007851
2024-12-20,89.48,98.5,87.32,96.2,7214563.0,670688665.0,244156875.0,0.029548883274329262
2024-12-23,94.0,95.0,90.5,91.75,4225206.0,390226760.0,244156875.0,0.017305291935768755
2024-12-24,92.2,94.17,89.9,93.67,2899348.0,267714023.0,244156875.0,0.011874939012059358
2024-12-25,93.26,94.3,90.1,90.49,2988288.0,272676348.0,244156875.0,0.012239213005982321
2024-12-26,90.02,91.0,88.98,89.79,3689546.0,331461072.0,244156875.0,0.01511137460290643
2024-12-27,89.83,92.15,88.4,89.0,3472171.0,314128783.0,244156875.0,0.014221065861856235
2024-12-30,88.99,89.79,87.1,88.14,3540037.0,313115655.0,244156875.0,0.014499026496796373
2024-12-31,88.41,90.33,87.24,87.55,3945569.0,350986265.0,244156875.0,0.016159975016062932
2025-01-02,87.97,89.96,82.7,83.7,4479619.0,387684589.0,244156875.0,0.018347298227829954
2025-01-03,84.33,84.83,79.51,79.69,4212298.0,347099410.0,244156875.0,0.017252424286639482
2025-01-06,79.95,81.62,78.4,80.0,3333617.0,266156465.0,244156875.0,0.013653586449285935
2025-01-07,79.14,84.88,79.14,84.35,3310666.0,275570703.0,244156875.0,0.013559585409995112
2025-01-08,84.99,84.99,81.08,83.81,2286998.0,190314680.0,244156875.0,0.009366920345781784
2025-01-09,83.2,85.55,83.03,83.58,2150382.0,181941134.0,244156875.0,0.008807378452890176
2025-01-10,84.56,91.0,82.95,86.99,5274277.0,466448608.0,244156875.0,0.021602000762829227
2025-01-13,85.99,88.35,84.52,86.0,2645431.0,227789688.0,244156875.0,0.010834964200782796
2025-01-14,86.3,92.77,86.2,92.12,4638318.0,420147341.0,244156875.0,0.01899728606863927
2025-01-15,91.66,92.87,91.02,91.43,2703892.0,247997766.0,244156875.0,0.011074404519635173
2025-01-16,93.8,100.96,92.06,92.75,5880114.0,562904300.0,244156875.0,0.024083343956626247
2025-01-17,92.5,95.75,90.1,94.35,4242004.0,395490959.0,244156875.0,0.017374091964438846
2025-01-20,93.99,94.3,90.1,90.79,2854920.0,261609908.0,244156875.0,0.011692974035648188
2025-01-21,90.36,92.55,88.21,90.36,2316138.0,210120602.0,244156875.0,0.009486269841879325
2025-01-22,90.62,90.62,87.5,88.1,2801042.0,247643839.0,244156875.0,0.011472304435416778
2025-01-23,89.18,90.92,86.01,88.23,2341619.0,209111227.0,244156875.0,0.009590633071462764
2025-01-24,88.0,94.2,88.0,93.0,3356326.0,308681937.0,244156875.0,0.01374659632254877
2025-01-27,94.03,94.04,89.27,89.27,1569442.0,142698735.0,244156875.0,0.006428006583881777
2025-02-05,90.0,95.2,90.0,93.4,3222230.0,301127590.0,244156875.0,0.013197375662675892
2025-02-06,93.63,103.6,92.05,101.84,6658459.0,665636069.0,244156875.0,0.02727123289073879
2025-02-07,101.1,101.41,95.61,97.5,4524258.0,448017137.0,244156875.0,0.018530127402720076
2025-02-10,97.6,98.99,95.51,97.56,3129384.0,303495327.0,244156875.0,0.012817103757573896
2025-02-11,96.32,98.01,93.8,96.8,2509811.0,240926247.0,244156875.0,0.010279501652370019
2025-02-12,96.7,101.64,96.5,98.1,3798466.0,376555984.0,244156875.0,0.015557481230049328
2025-02-13,97.48,99.79,94.2,94.44,3158987.0,306120316.0,244156875.0,0.012938349575452257
2025-02-14,94.44,95.18,89.0,92.18,4020469.0,365730765.0,244156875.0,0.01646674499745297
2025-02-17,91.11,95.12,89.8,93.76,4150124.0,383586940.0,244156875.0,0.01699777653199403
2025-02-18,93.0,99.9,93.0,95.22,4155675.0,404933287.0,244156875.0,0.017020511914726956
2025-02-19,94.99,102.58,94.87,101.02,5982948.0,598201390.0,244156875.0,0.024504523986883433
2025-02-20,98.53,102.0,96.8,98.36,3574297.0,354236704.0,244156875.0,0.014639346117122445
2025-02-21,99.0,106.45,98.61,106.33,5830551.0,604490864.0,244156875.0,0.02388034742007572
2025-02-24,107.0,109.99,105.18,105.94,4860842.0,521936284.0,244156875.0,0.01990868371001226
2025-02-25,103.77,109.93,103.28,105.33,4631599.0,492603205.0,244156875.0,0.018969766876316713
2025-02-26,104.86,105.96,98.45,100.47,5272624.0,528074064.0,244156875.0,0.021595230525456227
2025-02-27,100.01,101.36,97.13,99.61,3301476.0,325948887.0,244156875.0,0.013521945675295853
2025-02-28,99.0,99.38,95.01,95.78,3747029.0,361872365.0,244156875.0,0.015346809300372967
2025-03-03,96.38,99.36,94.44,95.6,3493553.0,337384632.0,244156875.0,0.014308640704874684
2025-03-04,94.5,96.58,92.23,95.2,5161539.0,486107992.0,244156875.0,0.021140256648517475
2025-03-05,95.71,98.78,94.01,97.35,3520922.0,340653531.0,244156875.0,0.014420736667767393
2025-03-06,99.2,107.87,98.02,105.22,6680547.0,702824785.0,244156875.0,0.02736169931729344
2025-03-07,106.08,106.08,101.55,102.54,2863023.0,295119058.0,244156875.0,0.011726161714676272
2025-03-10,101.0,104.5,100.52,100.7,2541760.0,259719737.0,244156875.0,0.010410356046701532
2025-03-11,100.99,101.6,97.21,99.19,2905918.0,287905489.0,244156875.0,0.011901847941001046
2025-03-12,98.3,99.4,93.81,94.0,4784534.0,459214390.0,244156875.0,0.019596146944459377
2025-03-13,94.5,94.88,92.0,92.5,3070266.0,286047772.0,244156875.0,0.01257497254582735
2025-03-14,92.5,95.6,91.5,92.83,3613318.0,337228127.0,244156875.0,0.014799165495544617
2025-03-17,93.72,95.58,91.01,94.24,2881392.0,270745025.0,244156875.0,0.011801396131073515
2025-03-18,94.88,95.8,92.4,93.3,2544747.0,238641160.0,244156875.0,0.010422589984410638
2025-03-19,93.38,93.63,90.31,91.92,2704362.0,249096441.0,244156875.0,0.011076329511507714
2025-03-20,91.3,92.4,88.95,89.12,3256421.0,293184709.0,244156875.0,0.013337412677812166
2025-03-21,88.62,89.34,85.15,85.92,4343262.0,376973155.0,244156875.0,0.017788817128331937
2025-03-24,86.0,89.08,85.5,86.44,3573310.0,313200319.0,244156875.0,0.014635303634190109
2025-03-25,86.88,87.88,83.61,84.0,2702290.0,230396623.0,244156875.0,0.01106784316435898
2025-03-26,84.5,84.79,81.85,82.64,4009133.0,332711842.0,244156875.0,0.016420315831778238
2025-03-27,82.66,85.1,80.69,83.44,4759733.0,394975614.0,244156875.0,0.01949456880950004
2025-03-28,83.0,83.8,77.49,77.71,8042010.0,642295034.0,244156875.0,0.032937880614666286
2025-03-31,78.0,80.35,76.67,79.42,6735223.0,531319457.0,244156875.0,0.02758563730798078
2025-04-01,80.43,89.5,78.99,84.36,9545062.0,805160595.0,244156875.0,0.039093971857233185
2025-04-02,82.01,84.01,81.19,83.71,4163894.0,343618859.0,244156875.0,0.017054174698132092
2025-04-03,83.1,85.04,82.5,83.38,3873735.0,324518828.0,244156875.0,0.01586576253484568
2025-04-07,79.88,86.95,77.01,80.53,10220725.0,851139578.0,244156875.0,0.041861303311651575
2025-04-08,82.28,84.89,76.68,78.8,6131133.0,485272632.0,244156875.0,0.02511144934993127
2025-04-09,76.9,87.12,75.56,83.46,8619125.0,713241660.0,244156875.0,0.035301586326414114
2025-04-10,84.2,86.66,82.77,84.18,4885560.0,415522014.0,244156875.0,0.02000992189959836
2025-04-11,83.67,90.07,82.93,88.3,8543721.0,745145791.0,244156875.0,0.03499275209842033
2025-04-14,89.0,89.0,85.2,85.85,6599210.0,570268726.0,244156875.0,0.02702856513870437
2025-04-15,85.15,85.15,80.21,82.03,7248347.0,594695271.0,244156875.0,0.02968725332841846
2025-04-16,81.52,83.2,79.29,82.05,4592996.0,372294388.0,244156875.0,0.018811659511942885
2025-04-17,81.32,83.47,81.03,81.2,3798374.0,311922592.0,244156875.0,0.015557104423129596
2025-04-18,81.5,81.5,78.56,79.8,3263484.0,260092592.0,244156875.0,0.013366340800356329
2025-04-21,79.8,81.35,79.69,81.19,3386091.0,273647835.0,244156875.0,0.013868505648264052
2025-04-22,80.68,81.84,79.95,80.3,4152796.0,335484243.0,244156875.0,0.017008720315575796
2025-04-23,80.26,81.7,77.88,81.57,5980427.0,478386899.0,244156875.0,0.024494198658137314
2025-04-24,80.89,82.28,80.11,80.87,3162428.0,256924189.0,244156875.0,0.01295244297339569
2025-04-25,81.06,83.13,78.77,82.1,4164284.0,337972970.0,244156875.0,0.017055772031813562
2025-04-28,80.24,82.46,77.51,78.34,6945969.0,549493229.0,244156875.0,0.028448795472173372
2025-04-29,78.21,78.9,76.87,78.1,3491011.0,271638137.0,244156875.0,0.01429822936585341
2025-04-30,78.0,79.99,77.28,78.28,2983342.0,235062183.0,244156875.0,0.01221895553831937
2025-05-06,78.71,82.2,78.71,81.83,4019007.0,324941078.0,244156875.0,0.016460757044011152
2025-05-07,84.3,85.96,82.01,82.99,5491890.0,462399743.0,244156875.0,0.02249328428699786
2025-05-08,82.99,85.99,81.51,84.11,3765146.0,318185785.0,244156875.0,0.015421011593468339
2025-05-09,83.99,83.99,80.21,80.55,3066516.0,250266778.0,244156875.0,0.012559613568120905
2025-05-12,81.0,81.66,77.19,78.78,5076785.0,401711279.0,244156875.0,0.02079312736944229
2025-05-13,79.48,80.68,78.51,78.7,3090401.0,245271080.0,244156875.0,0.012657440016792483
2025-05-14,78.73,80.2,77.67,78.48,2233698.0,175969028.0,244156875.0,0.009148618075980863
2025-05-15,78.48,79.28,76.1,76.36,2556045.0,196748280.0,244156875.0,0.010468863512444611
2025-05-16,76.88,78.29,75.6,75.75,2876198.0,220848164.0,244156875.0,0.011780122923018244
2025-05-19,75.75,78.2,75.72,77.89,2991387.0,231586447.0,246699247.0,0.012125643010171003
2025-05-20,78.0,81.0,77.0,79.39,3484323.0,278249176.0,246699247.0,0.01412376828211397
2025-05-21,79.3,79.64,75.24,75.59,3678414.0,282546683.0,246699247.0,0.014910519771468941
2025-05-22,75.58,77.0,74.86,75.75,2276028.0,173179479.0,246699247.0,0.009225921958326853
2025-05-23,75.35,75.79,73.8,73.8,2228555.0,166182507.0,246699247.0,0.009033489267196668
2025-05-26,74.74,77.5,72.72,75.88,4789224.0,361537537.0,246699247.0,0.019413208829129502
2025-05-27,75.5,75.74,74.02,74.46,1904016.0,142089346.0,246699247.0,0.007717964376275538
2025-05-28,74.88,74.88,71.85,72.21,2943153.0,214443656.0,246699247.0,0.011930125591344022
2025-05-29,72.33,74.0,71.5,73.51,3995486.0,291679861.0,246699247.0,0.016195777038589827
2025-05-30,73.05,73.07,70.1,70.4,3646196.0,259242558.0,246699247.0,0.014779923507427649
2025-06-03,70.88,75.5,70.34,74.77,9960780.0,739670267.0,246699247.0,0.04037620755283457
2025-06-04,75.24,75.49,73.3,74.64,4921571.0,365229358.0,246699247.0,0.01994967986262236
2025-06-05,74.87,76.21,73.3,75.82,3953885.0,295641300.0,246699247.0,0.016027146609004447
2025-06-06,75.82,77.38,74.5,75.72,2380331.0,179818021.0,246699247.0,0.009648716114646268
2025-06-09,75.87,76.06,74.8,75.65,2164436.0,163138318.0,246699247.0,0.008773581704527862
2025-06-10,75.78,75.78,73.15,73.86,3378158.0,250259243.0,246699247.0,0.013693426474058107
2025-06-11,74.5,76.6,73.73,74.36,3320181.0,250116677.0,246699247.0,0.013458415622971075
2025-06-12,74.36,74.96,71.06,71.42,4098275.0,296818242.0,246699247.0,0.01661243416766489
2025-06-13,71.44,76.98,70.51,75.87,11373524.0,853082740.0,246699247.0,0.04610279171220981
2025-06-16,75.87,78.18,75.4,76.55,3735127.0,286692807.0,246699247.0,0.015140406974975484
2025-06-17,76.36,76.6,74.55,75.2,2158607.0,162349442.0,246699247.0,0.008749953744285242
2025-06-18,74.6,79.19,74.49,77.97,3668103.0,283352729.0,248291056.0,0.01477339965077115
2025-06-19,77.96,81.86,77.1,79.7,5598076.0,449297284.0,248291056.0,0.022546426319923502
2025-06-20,80.16,82.44,79.95,80.65,4578499.0,372569506.0,248291056.0,0.018440048037815748
2025-06-23,80.0,86.3,80.0,83.52,8218557.0,695239948.0,248291056.0,0.03310049557322758
2025-06-24,83.3,84.2,81.82,83.65,4013767.0,333404065.0,248291056.0,0.016165572230680755
2025-06-25,83.16,85.0,82.81,84.73,3824801.0,321244847.0,248291056.0,0.015404505750702515
2025-06-26,84.65,86.49,82.02,82.14,4384688.0,366762870.0,248291056.0,0.017659468168680227
2025-06-27,83.1,83.64,81.42,82.82,2609328.0,215674872.0,248291056.0,0.010509150196694962
2025-06-30,82.88,85.0,82.88,84.19,2889655.0,243553804.0,248291056.0,0.011638175963938065
2025-07-01,83.56,87.65,83.05,86.6,3243817.0,278008205.0,248291056.0,0.01306457450485047
2025-07-02,85.68,86.58,81.11,81.62,3931187.0,325648199.0,248291056.0,0.015832978695777104
2025-07-03,82.14,82.49,80.6,81.95,1866595.0,152067160.0,248291056.0,0.0075177697903061
2025-07-04,81.77,85.29,80.6,81.8,2939590.0,242546799.0,248291056.0,0.011839290739494055
2025-07-07,81.72,85.93,81.56,84.37,4089706.0,346940382.0,248291056.0,0.016471418930209068
2025-07-08,84.37,85.32,81.5,82.89,3482225.0,288643866.0,248291056.0,0.014024770187452906
2025-07-09,82.89,83.58,81.8,82.2,1613810.0,133187656.0,248291056.0,0.006499670290177509
2025-07-10,82.01,82.76,80.02,81.45,2415635.0,195752295.0,248291056.0,0.009729045576253056
2025-07-11,81.45,82.8,80.8,82.58,2532338.0,207243112.0,248291056.0,0.010199070561768444
2025-07-14,82.55,82.66,80.88,81.63,2004130.0,163731844.0,248291056.0,0.008071696307900837
2025-07-15,82.55,82.66,80.49,80.63,2463593.0,199835081.0,248291056.0,0.009922197922425366
2025-07-16,80.28,83.54,80.28,81.72,2717646.0,223692699.0,248291056.0,0.010945404332244654
2025-07-17,81.48,81.48,79.33,81.22,2302565.0,185390029.0,248291056.0,0.009273652611957154
2025-07-18,81.88,82.44,80.11,81.33,2307644.0,187169338.0,248291056.0,0.009294108443439059
2025-07-21,81.47,81.47,79.51,80.56,1991958.0,160454967.0,248291056.0,0.00802267319689518
2025-07-22,80.56,81.6,78.0,80.45,4197815.0,335915786.0,248291056.0,0.01690683131171668
2025-07-23,79.17,85.75,79.17,84.78,5456360.0,459134404.0,248291056.0,0.021975660693955887
2025-07-24,84.48,89.2,84.4,88.58,5270232.0,462195879.0,248291056.0,0.021226024347812192
2025-07-25,88.5,91.5,87.21,89.94,4250604.0,378420790.0,248291056.0,0.017119440661608046
2025-07-28,90.3,91.2,87.88,88.12,2918734.0,258810167.0,248291056.0,0.011755292546663462
2025-07-29,88.0,93.99,88.0,92.5,6057319.0,555014619.0,248291056.0,0.02439604187756163
2025-07-30,92.01,92.87,89.8,90.58,2967174.0,270479836.0,248291056.0,0.011950386162923243
2025-07-31,90.4,91.3,87.42,87.74,3230214.0,286990732.0,248291056.0,0.013009787996551917
2025-08-01,87.51,88.78,85.4,86.4,2234924.0,193686692.0,248291056.0,0.009001226367171277
2025-08-04,86.02,88.35,85.77,86.96,2377039.0,207238339.0,248291056.0,0.009573598978128314
2025-08-05,86.99,88.38,86.4,87.82,1716322.0,150309745.0,248291056.0,0.0069125405789888785
2025-08-06,88.5,88.6,84.5,85.99,4420328.0,378941567.0,248291056.0,0.017803009384276813
2025-08-07,86.0,87.8,85.02,85.4,2799566.0,241065840.0,248291056.0,0.011275339696489108
2025-08-08,85.6,85.7,81.8,82.01,3542977.0,294084320.0,248291056.0,0.014269450769100599
2025-08-11,82.3,83.54,81.31,82.97,3074164.0,253489633.0,248291056.0,0.012381291736904127
2025-08-12,82.6,84.34,81.19,83.21,5300785.0,439444533.0,248291056.0,0.02134907751167646
2025-08-13,83.21,85.22,82.3,83.47,4292959.0,358803873.0,248291056.0,0.017290026749896298
2025-08-14,83.5,87.2,83.04,85.1,5604393.0,480356959.0,248291056.0,0.02257186823515705
2025-08-15,84.43,87.27,83.82,86.94,4393049.0,376581385.0,248291056.0,0.01769314235789468
2025-08-18,86.94,91.25,86.03,88.12,5891651.0,522300034.0,248291056.0,0.02372880882185301
2025-08-19,89.0,89.4,85.71,86.08,4839287.0,422558896.0,248291056.0,0.019490379870952743
2025-08-20,86.0,94.68,84.32,93.1,9354436.0,843327688.0,248291056.0,0.03767528380079869
2025-08-21,92.48,94.3,91.01,91.86,8107266.0,749229043.0,248291056.0,0.032652267587117596
2025-08-22,91.8,102.6,91.4,99.1,13245654.0,1282299747.0,248291056.0,0.053347286097973665
2025-08-25,102.01,103.0,96.59,98.87,8913656.0,891624201.0,248291056.0,0.03590002855358592
2025-08-26,96.15,102.0,96.15,96.9,6219714.0,615124298.0,248291056.0,0.02505009282331942
2025-08-27,96.32,104.03,95.55,95.55,9048359.0,901834181.0,248291056.0,0.036442549102533923
2025-08-28,96.5,100.85,95.75,99.99,7313982.0,723318590.0,248291056.0,0.029457291445890824
2025-08-29,99.99,100.28,96.65,99.62,5840663.0,572867582.0,248291056.0,0.02352345305583621
2025-09-01,99.9,105.55,98.25,102.83,7659792.0,778620842.0,248291056.0,0.030850052045370495
2025-09-02,102.0,102.74,93.57,93.99,8014178.0,772723347.0,248291056.0,0.032277352753294505
2025-09-03,94.5,97.0,93.01,95.05,5635183.0,534248573.0,248291056.0,0.022695875923939846
2025-09-04,94.8,95.0,86.88,88.28,7287863.0,659175870.0,248291056.0,0.029352096355818792
2025-09-05,88.5,90.24,87.6,89.9,4860768.0,434230631.0,248291056.0,0.01957689527084697
2025-09-08,89.17,90.86,87.26,89.6,7090727.0,632026923.0,248291056.0,0.02855812494510475
2025-09-09,89.05,89.27,85.88,86.8,3945552.0,344229971.0,248291056.0,0.015890834182927638
2025-09-10,86.99,87.69,84.99,85.75,3590502.0,309348827.0,248291056.0,0.014460859194219224
2025-09-11,85.87,90.38,85.31,89.6,4937377.0,437713155.0,248291056.0,0.0198854404163475
2025-09-12,89.3,92.2,88.89,90.19,5127754.0,465307983.0,248291056.0,0.020652189742992596
2025-09-15,92.99,93.41,89.7,90.75,5300185.0,487111525.0,248291056.0,0.02134666099289537
2025-09-16,90.14,91.5,87.98,89.66,5902128.0,527292499.0,248291056.0,0.0237710052673021
2025-09-17,89.99,96.42,88.9,94.84,8392706.0,784497330.0,248291056.0,0.03380188612190686
2025-09-18,94.99,104.55,94.9,101.85,13459638.0,1361060337.0,248291056.0,0.054209113356060636
2025-09-19,101.9,105.24,99.06,99.84,8260228.0,846519989.0,248291056.0,0.03326832683010539
2025-09-22,100.8,103.51,96.96,97.51,8822432.0,873895677.0,248291056.0,0.035532621038109405
2025-09-23,99.0,103.58,95.01,103.0,9943623.0,979243567.0,248291056.0,0.0400482528859195
2025-09-24,103.0,119.99,102.0,114.25,16768765.0,1857239159.0,248291056.0,0.06753672593023247
2025-09-25,114.4,121.8,113.02,119.85,13377154.0,1577065497.0,248291056.0,0.05387690646416196
2025-09-26,118.0,123.21,115.88,116.2,11317355.0,1349528726.0,248291056.0,0.04558100151622054
2025-09-29,115.65,119.98,114.98,117.6,8991219.0,1053995309.0,248291056.0,0.03621241596394838
2025-09-30,117.7,120.44,115.58,116.03,9865649.0,1164576130.0,248291056.0,0.039734210160192
2025-10-09,119.77,132.97,114.77,123.68,16256859.0,2008991233.0,248291056.0,0.065475008491647
2025-10-10,125.01,131.3,121.88,125.01,14873432.0,1872319220.0,248291056.0,0.05990321294537488
2025-10-13,118.0,140.2,118.0,137.0,16186808.0,2063213969.0,248291056.0,0.06519287589642375
2025-10-14,139.98,144.44,126.0,133.7,14658877.0,1973738737.0,248291056.0,0.059039085966914574
2025-10-15,128.15,128.9,121.0,124.99,11982816.0,1493983201.0,248291056.0,0.04826116652385578
2025-10-16,124.0,128.12,120.2,122.71,7906344.0,973736221.0,248291056.0,0.03184304794289489
2025-10-17,121.98,121.99,114.68,117.65,9468125.0,1116441468.0,248291056.0,0.038133169806970416
2025-10-20,119.3,120.99,114.82,115.88,6123174.0,718455854.0,248291056.0,0.02466127495144247
2025-10-21,116.54,122.1,116.04,118.8,8984923.0,1075453509.0,248291056.0,0.036187058626872166
2025-10-22,117.8,123.5,117.72,119.74,7667677.0,927527794.0,248291056.0,0.030881809129685283
2025-10-23,118.99,120.5,116.66,117.99,4774853.0,562511677.0,248291056.0,0.019230869919051777
2025-10-24,119.24,124.32,119.07,123.7,8995691.0,1097302508.0,248291056.0,0.03623042708393008
2025-10-27,123.01,132.31,120.8,127.43,12733338.0,1599514538.0,248291056.0,0.05128391737155445
2025-10-28,124.1,128.51,122.6,126.18,6711263.0,846720198.0,248291056.0,0.027029821807193894
2025-10-29,126.0,126.88,117.1,118.2,12068236.0,1456547523.0,248291056.0,0.04860519824765657
2025-10-30,117.86,121.0,117.71,117.99,6825861.0,813296602.0,248291056.0,0.027491368839318964
2025-10-31,116.0,117.6,113.38,113.41,8390372.0,963605654.0,248291056.0,0.033792485863848434
2025-11-03,112.22,117.0,109.0,116.0,7947590.0,898819328.0,248291056.0,0.03200916749896943
2025-11-04,116.0,121.98,115.11,120.42,9714559.0,1160225394.0,248291056.0,0.03912569045580119
2025-11-05,119.85,125.96,116.4,121.21,7701904.0,932541086.0,248291056.0,0.031019659443552408
2025-11-06,122.1,126.0,120.68,124.32,6444069.0,795368542.0,248291056.0,0.02595368960853749
2025-11-07,123.08,137.66,122.8,134.8,10636021.0,1391909994.0,248291056.0,0.04283690750423165
2025-11-10,134.13,138.94,129.83,136.38,10335729.0,1389232771.0,248291056.0,0.04162747207454787
2025-11-11,136.0,140.67,127.5,128.65,6940038.0,918001551.0,248291056.0,0.027951220280765972
2025-11-12,128.0,131.54,125.73,128.47,3903165.0,502623723.0,248291056.0,0.015720119213637723
2025-11-13,127.92,130.36,124.2,125.8,4823197.0,606944398.0,248291056.0,0.019425576892306583
2025-11-14,123.4,134.65,122.17,125.18,6994595.0,897950816.0,248291056.0,0.02817095030599894
2025-11-17,126.1,127.65,122.5,125.0,3650496.0,453934470.0,248291056.0,0.014702486907140143
2025-11-18,125.0,132.75,124.2,127.98,5176165.0,667475173.0,248291056.0,0.020847166560844625
2025-11-19,126.12,129.12,123.91,124.51,3056204.0,385808040.0,248291056.0,0.012308957274723581
2025-11-20,126.19,126.88,119.5,120.87,4411195.0,535890162.0,248291056.0,0.017766225940897364
2025-11-21,120.0,121.68,116.65,116.96,4167541.0,497512803.0,248291056.0,0.01678490182908562
2025-11-24,116.88,119.2,111.2,115.59,5487405.0,628082294.0,248291056.0,0.022100695403220644
2025-11-25,116.68,117.25,113.88,114.6,3686127.0,426038089.0,248291056.0,0.014845991874955012
2025-11-26,113.61,117.7,112.0,114.38,3859367.0,445100182.0,248291056.0,0.015543721397680954
2025-11-27,114.98,120.87,114.88,115.15,4424641.0,522838613.0,248291056.0,0.01782038012678153
2025-11-28,114.33,122.7,113.8,121.46,5121123.0,615861908.0,248291056.0,0.02062548318293028
2025-12-01,122.0,123.0,117.0,120.51,3983764.0,480338543.0,248291056.0,0.016044734209032484
2025-12-02,120.5,122.0,117.45,119.1,2200332.0,262098034.0,248291056.0,0.00886190600437899
2025-12-03,119.1,122.85,118.52,120.45,3596791.0,434374151.0,248291056.0,0.01448618833857632
2025-12-04,119.11,130.0,117.89,126.0,7652633.0,957454950.0,248291056.0,0.030821218948780822
2025-12-05,125.81,133.99,125.68,133.99,6406765.0,832379285.0,248291056.0,0.025803446580854688
2025-12-08,131.36,135.98,127.0,133.9,6795398.0,891612568.0,248291056.0,0.02736867815327186
2025-12-09,132.03,134.9,127.66,128.65,6287494.0,819228562.0,248291056.0,0.025323078894956247
2025-12-10,127.97,129.92,126.11,128.95,3299713.0,421808044.0,248291056.0,0.013289697394496562
2025-12-11,131.39,142.88,130.28,139.2,12170609.0,1663611234.0,248291056.0,0.04901750870961699
2025-12-12,136.0,156.88,135.8,154.0,13388982.0,1938527065.0,248291056.0,0.0539245441043998
2025-12-15,151.0,155.98,146.52,149.4,7400070.0,1116762790.0,248291056.0,0.029804013560601233
2025-12-16,149.29,158.99,146.0,150.2,11135377.0,1704126633.0,248291056.0,0.04484807942497937
2025-12-17,150.2,152.9,143.38,151.9,8143493.0,1207784237.0,248291056.0,0.03279817296358835
2025-12-18,150.0,151.33,146.0,147.0,5658324.0,839284935.0,248291056.0,0.022789077025795083
2025-12-19,148.58,151.91,144.3,147.34,6070394.0,900186406.0,248291056.0,0.024448701849332826
2025-12-22,146.0,161.59,146.0,154.5,10275907.0,1590581257.0,248291056.0,0.04138653709701086
2025-12-23,154.0,168.0,153.82,161.3,8204181.0,1315421893.0,248291056.0,0.03304259578323272
2025-12-24,164.0,165.17,155.96,156.8,6736761.0,1065520345.0,248291056.0,0.027132515800327498
2025-12-25,156.0,157.97,148.88,154.0,7615900.0,1162923676.0,248291056.0,0.030673275641471355
2025-12-26,152.0,153.77,148.02,149.6,6402655.0,962432582.0,248291056.0,0.02578689342720424
2025-12-29,150.15,154.65,146.66,151.94,5947656.0,901129123.0,248291056.0,0.023954370712411
2025-12-30,152.94,160.0,150.25,151.88,6066940.0,935481153.0,248291056.0,0.024434790756216365
2025-12-31,157.1,162.33,150.0,152.99,7140492.0,1109192570.0,248291056.0,0.02875855504033943
2026-01-05,155.0,165.5,152.99,165.44,7344929.0,1181086084.0,248291056.0,0.02958193145708801
2026-01-06,165.0,185.66,163.8,174.77,10282863.0,1816707272.0,248291056.0,0.04141455260474626
2026-01-07,179.0,184.88,173.0,179.0,8996798.0,1614563628.0,248291056.0,0.03623488556108118
2026-01-08,179.5,185.33,174.63,180.21,8242792.0,1479910306.0,248291056.0,0.03319810279432699
2026-01-09,180.2,188.88,176.3,186.01,7259211.0,1331013789.0,248291056.0,0.02923669952895927
2026-01-12,186.93,196.3,179.56,181.97,8561088.0,1597163681.0,248291056.0,0.0344800498975686
2026-01-13,180.0,190.9,178.28,179.65,6290549.0,1153881879.0,248291056.0,0.025335383003083283
2026-01-14,180.0,186.99,174.67,180.38,8335021.0,1508757331.0,248291056.0,0.03356955797876183
2026-01-15,177.6,197.51,176.66,196.98,7930819.0,1486228974.0,248291056.0,0.031941621771506744
2026-01-16,198.95,220.88,193.0,212.0,10358944.0,2169591660.0,248291056.0,0.041720971213719434
2026-01-19,212.0,217.87,209.18,212.0,5922565.0,1259659318.0,248291056.0,0.023853315924517234
2026-01-20,214.5,216.66,204.5,212.18,4926703.0,1041313258.0,248291056.0,0.019842450547231955
2026-01-21,211.8,215.9,199.0,203.26,8097189.0,1660135933.0,248291056.0,0.032611682154189234
2026-01-22,206.0,207.29,189.36,197.5,9953101.0,1947215152.0,248291056.0,0.040086425827598075
2026-01-23,195.51,195.88,187.55,194.55,9412558.0,1795425843.0,248291056.0,0.03790937197512262
2026-01-26,195.0,196.0,188.14,191.38,6764826.0,1290664944.0,248291056.0,0.027245548466312858
2026-01-27,192.0,198.68,189.0,196.3,7146337.0,1395320831.0,248291056.0,0.028782095960798525
2026-01-28,196.3,201.71,194.8,198.66,6890855.0,1367115505.0,248291056.0,0.027753134208748944
2026-01-29,196.0,201.32,186.27,187.32,6928485.0,1335135984.0,248291056.0,0.02790469021163614
2026-01-30,186.0,192.88,180.97,185.05,6392949.0,1193677344.0,248291056.0,0.02574780220838885
2026-02-02,180.08,187.8,176.78,178.0,6494448.0,1174895167.0,248291056.0,0.026156592607991486
2026-02-03,182.0,188.4,181.11,187.27,5478580.0,1010539961.0,248291056.0,0.022065152439482153
2026-02-04,187.2,190.45,184.0,187.5,3757942.0,703497510.0,248291056.0,0.015135229035394654
2026-02-05,184.02,193.37,180.38,190.62,5366900.0,1005604558.0,248291056.0,0.02161535774369577
2026-02-06,189.74,196.88,187.02,192.0,5924130.0,1142050147.0,248291056.0,0.023859619011004567
2026-02-09,196.0,202.66,194.49,199.2,5642393.0,1123046081.0,248291056.0,0.022724914424625913
2026-02-10,198.84,199.99,191.3,194.08,4295246.0,836615187.0,248291056.0,0.017299237713983544
2026-02-11,195.26,195.26,188.51,192.97,2629592.0,504031015.0,248291056.0,0.010590764090994884
2026-02-12,194.66,194.93,188.5,192.2,2970749.0,571613707.0,248291056.0,0.01196478458732722
2026-02-13,188.0,202.98,188.0,196.5,5159639.0,1016389773.0,248291056.0,0.020780607578550877
2026-02-24,196.5,199.62,187.0,195.28,3939800.0,761631201.0,248291056.0,0.015867667822879614
2026-02-25,195.67,206.48,187.39,201.6,7588022.0,1504545516.0,248291056.0,0.030560996123839435
2026-02-26,201.58,208.58,195.18,205.0,5523809.0,1120290334.0,248291056.0,0.022247313652731818
2026-02-27,200.53,202.98,196.82,197.0,6264230.0,1243509534.0,248291056.0,0.02522938240675089
2026-03-02,191.67,195.99,182.88,183.3,8552394.0,1608213699.0,248291056.0,0.034445034540430644
2026-03-03,183.3,184.01,167.77,169.8,10711821.0,1861893316.0,248291056.0,0.04314219437690901
2026-03-04,168.95,172.43,165.0,171.79,6266950.0,1061380656.0,248291056.0,0.025240337291891818
2026-03-05,176.87,178.99,170.14,173.58,5817365.0,1020090894.0,248291056.0,0.023429619631566593
2026-03-06,172.0,174.98,169.09,170.0,5160905.0,882256675.0,248291056.0,0.02078570643317897
2026-03-09,164.9,172.95,161.61,172.0,7841589.0,1303590187.0,248291056.0,0.03158224515344604
2026-03-10,175.0,175.42,169.8,173.2,4704422.0,812998347.0,248291056.0,0.01894720686193384
2026-03-11,173.63,174.6,169.66,170.2,4580862.0,782981403.0,248291056.0,0.01844956509428193
2026-03-12,169.78,174.0,167.2,171.5,5125856.0,870677605.0,248291056.0,0.020644545488581755
2026-03-13,168.0,170.0,161.8,163.75,12658327.0,2090179082.0,248291056.0,0.050981808221074225
2026-03-16,165.0,168.4,158.79,167.66,7688342.0,1255759793.0,248291056.0,0.03096503806403723
2026-03-17,167.67,168.32,161.88,162.79,4299048.0,708537381.0,248291056.0,0.017314550387993035
2026-03-18,164.08,164.68,160.87,162.98,3521568.0,573563228.0,248291056.0,0.014183225351460103
2026-03-19,159.0,162.6,157.0,160.89,4183821.0,670962250.0,248291056.0,0.016850470038679122
2026-03-20,161.97,167.2,160.0,164.41,5002841.0,821731076.0,248291056.0,0.02014909872548933
2026-03-23,164.9,164.9,152.41,155.7,5628568.0,884393028.0,248291056.0,0.02266923380437836
2026-03-24,156.9,159.74,154.06,158.6,3608948.0,566444921.0,248291056.0,0.01453515103661245
2026-03-25,158.96,165.5,157.68,158.08,4896397.0,786494658.0,248291056.0,0.019720392183599236
2026-03-26,157.7,160.33,155.05,155.72,4150269.0,653024158.0,248291056.0,0.01671533830844072
2026-03-27,154.15,158.38,153.0,157.09,3439007.0,538010163.0,248291056.0,0.013850708339651187
2026-03-30,154.03,162.99,153.01,158.97,5669400.0,899256547.0,248291056.0,0.022833685962493952
2026-03-31,159.0,160.98,152.05,152.05,3851678.0,596777926.0,248291056.0,0.01551275370950132
2026-04-01,158.1,161.0,156.0,158.23,3955557.0,626960787.0,248291056.0,0.015931129633602267
2026-04-02,158.89,158.89,147.98,150.38,4648180.0,702093433.0,248291056.0,0.01872069044645732
2026-04-03,151.5,154.13,149.26,151.69,2881815.0,437810449.0,248291056.0,0.011606600118531858
2026-04-07,154.0,154.5,150.4,152.05,2540479.0,386818851.0,248291056.0,0.010231858694096495
2026-04-08,158.21,165.5,156.91,164.91,6544537.0,1063243597.0,248291056.0,0.026358327623367955
2026-04-09,164.8,176.39,163.08,170.79,6827105.0,1171719191.0,248291056.0,0.02749637908825842
2026-04-10,174.2,178.85,170.35,170.72,5040513.0,875643680.0,248291056.0,0.020300823884691198
2026-04-13,166.37,169.9,164.5,165.6,5535511.0,922994045.0,248291056.0,0.022294443824025623
2026-04-14,167.65,182.72,166.17,177.28,7744034.0,1354972897.0,248291056.0,0.031189339337297756
2026-04-15,178.53,180.98,172.59,173.83,4827570.0,854632679.0,248291056.0,0.019443189286689408
2026-04-16,173.8,180.06,171.05,176.49,4295104.0,756826999.0,248291056.0,0.017298665804538687
2026-04-17,175.5,177.9,173.55,177.2,4221004.0,742258756.0,248291056.0,0.017000225735074405
2026-04-20,174.21,174.99,163.03,170.25,9865892.0,1672152974.0,276862484.0,0.03563462935628361
2026-04-21,170.0,170.34,160.16,160.8,6977691.0,1136191235.0,276862484.0,0.02520273205379462
2026-04-22,160.15,174.72,160.15,171.88,11361301.0,1935274753.0,276862484.0,0.04103589925170215
2026-04-23,173.6,173.6,163.6,167.12,5294773.0,882257380.0,276862484.0,0.019124198134406682
2026-04-24,168.7,171.28,162.45,167.62,5983083.0,1001625524.0,276862484.0,0.02161030600303362
2026-04-27,170.9,188.86,169.02,184.57,12849688.0,2316896502.0,276862484.0,0.04641180637532675
2026-04-28,182.0,191.2,180.33,185.19,8795303.0,1640005415.0,276862484.0,0.031767767423483785
2026-04-29,176.75,188.59,176.75,187.6,7940243.0,1470455557.0,276862484.0,0.028679374992532394
2026-04-30,184.22,198.88,183.17,196.6,8625492.0,1678545994.0,276862484.0,0.03115442683090281
2026-05-06,197.0,208.55,192.35,192.41,9116131.0,1820299280.0,276862484.0,0.032926566533297445
2026-05-07,194.6,200.99,191.21,197.99,5848958.0,1152628739.0,276862484.0,0.021125859724642215
2026-05-08,196.02,200.3,190.0,191.3,5349717.0,1034713209.0,276862484.0,0.01932265044620491
2026-05-11,195.0,204.44,193.0,193.75,8862923.0,1758269710.0,276862484.0,0.03201200419772294
2026-05-12,193.0,202.02,192.29,199.2,9262324.0,1832494499.0,276862484.0,0.03345460123806445
2026-05-13,195.1,212.28,192.34,205.95,8951175.0,1807638302.0,276862484.0,0.03233076172212628
2026-05-14,205.9,211.22,199.33,204.01,9940435.0,2039444182.0,276862484.0,0.03590387132407582
2026-05-15,203.8,217.49,190.36,207.5,13682501.0,2823208721.0,276862484.0,0.049419844835315425
2026-05-18,205.0,215.4,199.93,202.65,11762761.0,2441732391.0,276862484.0,0.04248593319707411
2026-05-19,202.64,223.0,195.44,220.5,13117328.0,2780221611.0,350163237.0,0.03746060869319642
2026-05-20,230.0,264.6,230.0,258.94,17324703.0,4411331728.0,350163237.0,0.04947607621070741
2026-05-21,258.9,267.01,239.87,241.61,18400996.0,4674638390.0,350163237.0,0.05254976552549975
2026-05-22,243.63,248.99,234.0,245.45,13993495.0,3379450242.0,350163237.0,0.039962775989530845
2026-05-25,244.04,268.07,234.11,255.69,15190217.0,3836994180.0,350163237.0,0.04338038775898111
2026-05-26,254.88,255.68,236.0,245.0,11414114.0,2787706021.0,350163237.0,0.03259655153347808
2026-05-27,245.9,260.66,231.0,234.69,12972542.0,3195678320.0,350163237.0,0.037047127251682334
2026-05-28,233.58,238.77,227.24,232.7,9057533.0,2112662582.0,350163237.0,0.02586660175294187
2026-05-29,232.7,233.33,210.0,217.89,14206685.0,3108990639.0,350163237.0,0.04057160632199662
2026-06-01,217.0,217.43,201.11,202.6,13453302.0,2769115251.0,350163237.0,0.03842008691506356
2026-06-02,205.54,211.98,200.0,204.82,9710655.0,2003216079.0,350163237.0,0.027731794700081552
2026-06-03,204.88,211.88,201.19,205.56,9468750.0,1962400601.0,350163237.0,0.02704095975672055
2026-06-04,201.0,216.2,200.18,211.08,8915258.0,1872991675.0,350163237.0,0.025460291252676535
2026-06-05,207.0,211.2,198.0,199.98,8771804.0,1789026079.0,350163237.0,0.025050613751323073
2026-06-08,189.99,199.0,188.0,192.0,8485595.0,1643114920.0,350163237.0,0.0242332549604572
2026-06-09,197.76,204.2,194.5,203.08,7272266.0,1454667059.0,350163237.0,0.020768216738869135
2026-06-10,200.49,209.49,200.26,203.18,8268917.0,1695809885.0,350163237.0,0.023614463559462697
2026-06-11,204.62,216.63,204.62,212.76,7794973.0,1645369916.0,350163237.0,0.022260969103389913
2026-06-12,230.01,245.0,222.51,226.45,15598058.0,3588085190.0,350163237.0,0.04454510454505537
2026-06-15,226.45,235.88,220.31,235.0,9945528.0,2296914913.0,350163237.0,0.028402547580972926
2026-06-16,236.47,242.99,228.84,241.0,9047937.0,2125093887.0,350163237.0,0.02583919739124413
2026-06-17,236.1,254.77,230.0,251.71,10018466.0,2416322490.0,350163237.0,0.02861084471868759
2026-06-18,249.17,256.88,247.5,252.21,8184780.0,2065270281.0,350163237.0,0.023374184195127257
2026-06-22,254.0,275.99,253.03,268.57,10036104.0,2663949379.0,350163237.0,0.028661215511895672
2026-06-23,268.0,287.9,261.14,275.9,7354226.0,2010436517.0,350163237.0,0.02100227900280691
2026-06-24,272.9,314.0,270.08,312.34,8928633.0,2655305278.0,350163237.0,0.025498487723884047
2026-06-25,309.22,341.19,307.0,332.0,8048894.0,2652300421.0,350163237.0,0.022986119470902653
2026-06-26,332.0,372.0,325.0,355.0,9517931.0,3355056358.0,350163237.0,0.02718141139413787
2026-06-29,355.0,378.99,344.95,376.24,12430673.0,4490323858.0,350163237.0,0.03549965183809401
2026-06-30,381.0,434.88,371.0,430.0,10823285.0,4383709624.0,350163237.0,0.03090925561668828
2026-07-01,435.0,458.98,406.2,422.0,13673905.0,5939572286.0,350163237.0,0.039050087373963815
2026-07-02,405.12,412.0,351.33,356.0,19965625.0,7445805285.0,350163237.0,0.05701805012728963
2026-07-03,351.08,358.74,331.11,342.0,15850293.0,5442025756.0,350163237.0,0.04526544001533776
2026-07-06,345.83,353.3,328.96,343.0,11592335.0,3976039757.0,350163237.0,0.03310551701348363
2026-07-07,336.97,365.91,333.33,356.6,11453728.0,4030381535.0,350163237.0,0.032709681627714676
2026-07-08,365.0,422.64,363.91,408.0,14329343.0,5632777473.0,350163237.0,0.04092189437922063
2026-07-09,412.3,448.84,403.0,446.5,13954558.0,5875573987.0,350163237.0,0.039851579279294815
2026-07-10,440.0,455.0,414.0,422.74,12149953.0,5355646780.0,350163237.0,0.03469796859343061
2026-07-13,410.52,434.33,383.0,389.99,13125388.0,5296281109.0,350163237.0,0.03748362652930353
2026-07-14,390.0,413.0,370.0,391.88,12604805.0,4921037200.0,352051671.0,0.03580384937300866
2026-07-15,398.0,408.99,374.01,381.0,10527748.0,4103926034.0,352051671.0,0.029903985315837343
2026-07-16,370.0,380.96,347.0,350.69,11441611.0,4140599633.0,352051671.0,0.03249980597308399
2026-07-17,348.8,351.0,308.0,311.19,14555119.0,4781621733.0,352051671.0,0.04134370093644577
2026-07-20,324.87,338.85,300.01,305.38,14352681.0,4578621229.0,352051671.0,0.04076867739110944
2026-07-21,313.01,366.46,300.53,366.46,16630097.0,5569561889.0,352051671.0,0.047237659610483713
2026-07-22,378.92,387.32,352.5,357.0,15981855.0,5902609997.0,352051671.0,0.04539633331267443
2026-07-23,360.0,361.0,330.01,334.34,11814800.0,4039125758.0,352051671.0,0.033559846389707944
2026-07-24,327.0,371.99,321.11,357.42,13084419.0,4621535067.0,352051671.0,0.037166189164317305
2026-07-27,348.01,391.99,348.01,389.43,14174930.0,5336085153.0,352051671.0,0.0402637770749283
2026-07-28,370.0,399.9,363.0,369.0,13632434.0,5203470317.0,352051671.0,0.03872282145764904
2026-07-29,367.28,370.98,329.0,360.7,14469745.0,5050940943.0,352051671.0,0.04110119676154016
2026-07-30,349.0,359.8,315.0,323.15,15062882.0,5044952165.0,352051671.0,0.042785997740655515
2026-07-31,368.52,378.2,345.0,346.6,13845747.0,5022869763.0,352051671.0,0.039328735354873516
2026-08-03,339.54,343.93,300.8,302.97,13924186.0,4391410750.0,352051671.0,0.03955154071687392
2026-08-04,304.49,325.57,297.33,317.98,10825776.0,3400067416.0,352051671.0,0.030750531503655327
2026-08-05,318.23,346.58,314.68,341.6,13196731.0,4405602136.0,352051671.0,0.03748521051615744
2026-08-06,329.01,356.28,327.01,345.0,9993994.0,3404760884.0,352051671.0,0.028387861280737964
2026-08-07,345.67,359.99,333.09,351.0,10293103.0,3569440951.0,352051671.0,0.02923747804054593
2026-08-10,352.0,371.55,346.36,362.45,10026278.0,3597801905.0,352051671.0,0.028479563728586874
2026-08-11,354.0,365.59,343.99,348.3,7663960.0,2724042864.0,352051671.0,0.021769418046591233
2026-08-12,348.0,359.95,340.14,348.05,7787227.0,2729927097.0,352051671.0,0.02211955698968973
2026-08-13,353.86,358.0,333.33,336.21,11318822.0,3941106428.0,352051671.0,0.032151024785222505
2026-08-14,339.0,342.0,315.55,324.33,12397816.0,4020099911.0,352051671.0,0.03521589874799941
2026-08-17,329.87,368.7,324.33,368.7,14428041.0,5131000691.0,352051671.0,0.04098273687784882
2026-08-18,364.61,372.6,358.42,371.96,10619765.0,3874008446.0,352051671.0,0.030165358879946917
2026-08-19,360.2,368.0,339.12,342.0,10377753.0,3642620725.0,352051671.0,0.029477925699151135
2026-08-20,348.84,367.0,337.77,355.59,10555477.0,3742014804.0,352051671.0,0.02998274932204483
2026-08-21,358.93,358.93,342.0,349.46,7608141.0,2653998020.0,352051671.0,0.02161086461651818
2026-08-24,350.08,364.95,342.4,349.5,8884445.0,3132743433.0,352051671.0,0.025236196081000847
2026-08-25,333.41,346.9,327.75,338.99,8760041.0,2952986204.0,352051671.0,0.024882827498353216
2026-08-26,335.0,371.95,333.33,362.0,10620353.0,3799117837.0,352051671.0,0.03016702908931797
2026-08-27,364.0,374.6,353.87,373.71,8647341.0,3183299566.0,352051671.0,0.02456270403556755
2026-08-28,369.95,377.75,361.13,362.66,6793465.0,2504213699.0,352051671.0,0.019296783851936325
2026-08-31,355.41,368.31,345.01,365.99,6489945.0,2305176103.0,352051671.0,0.018434637681353314
2026-09-01,362.06,366.0,347.0,349.26,5203200.0,1835269781.0,352051671.0,0.0147796486385659
2026-09-02,344.08,348.0,333.61,337.4,5396786.0,1832962620.0,352051671.0,0.015329528147588312
2026-09-03,339.88,344.5,310.99,320.87,8839763.0,2866555433.0,352051671.0,0.025109277211753385
2026-09-04,325.65,327.76,297.0,299.8,10240973.0,3153547242.0,352051671.0,0.02908940318593176
2026-09-07,305.0,315.58,299.4,314.15,8526910.0,2643962821.0,352051671.0,0.024220620728143058
2026-09-08,313.0,329.85,308.0,315.55,7775601.0,2475687374.0,352051671.0,0.022086533428213723
2026-09-09,320.54,322.0,306.4,309.17,4841313.0,1505037110.0,352051671.0,0.013751711463968594
2026-09-10,308.0,313.0,301.0,308.79,4422455.0,1360988904.0,352051671.0,0.012561948612367188
2026-09-11,305.02,306.95,289.57,304.68,7114618.0,2133896370.0,352051671.0,0.020209016420206113
2026-09-14,299.43,306.0,292.66,304.0,4805659.0,1446164613.0,352051671.0,0.013650436557649517
2026-09-15,303.0,318.81,297.38,309.79,7586470.0,2350997976.0,352051671.0,0.021549308311619973
2026-09-16,310.08,342.0,309.65,338.0,10736232.0,3541916362.0,352051671.0,0.030496182476577424
2026-09-17,344.76,366.0,339.9,358.71,13044249.0,4622134139.0,352051671.0,0.037052086595549774
2026-09-18,365.86,397.8,360.99,386.36,12495912.0,4758768688.0,352051671.0,0.03549453966375294
2026-09-21,388.0,397.89,381.01,386.99,9191214.0,3560929944.0,352051671.0,0.02610757101050658
2026-09-22,394.73,395.0,371.5,378.84,8691173.0,3333358442.0,352051671.0,0.024687208486506518
2026-09-23,382.0,386.99,376.0,381.32,5507665.0,2101527740.0,352051671.0,0.015644479074209537
2026-09-24,380.34,383.55,369.08,370.3,5870041.0,2205829032.0,352051671.0,0.01667380524945726
